frame,time_s,track_id,state,x,y,w,h,cx,cy,speed_px_s
300,10.010,1,locked,291.0,162.0,29.0,28.0,305.5,176.0,0.0
301,10.043,1,locked,291.0,162.0,29.0,27.0,305.5,175.5,15.0
302,10.077,1,locked,291.0,161.0,29.0,27.0,305.5,174.5,30.0
303,10.110,1,locked,291.0,160.0,29.0,27.0,305.5,173.5,30.0
304,10.143,1,locked,290.0,160.0,29.0,26.0,304.5,173.0,33.5
305,10.177,1,locked,291.0,160.0,28.0,26.0,305.0,173.0,15.0
306,10.210,1,locked,291.0,159.0,27.0,27.0,304.5,172.5,21.2
307,10.244,1,locked,290.0,158.0,27.0,27.0,303.5,171.5,42.4
308,10.277,1,locked,289.0,161.0,27.0,28.0,302.5,175.0,109.1
309,10.310,1,locked,291.0,165.0,26.0,28.0,304.0,179.0,128.0
310,10.344,1,locked,294.0,171.0,22.0,28.0,305.0,185.0,182.3
311,10.377,1,locked,295.0,180.0,22.0,26.0,306.0,193.0,241.6
312,10.410,1,locked,294.0,187.0,23.0,27.0,305.5,200.5,225.3
313,10.444,1,locked,295.0,194.0,22.0,31.0,306.0,209.5,270.1
314,10.477,1,locked,295.0,200.0,23.0,31.0,306.5,215.5,180.4
315,10.511,1,locked,295.0,203.0,22.0,31.0,306.0,218.5,91.2
316,10.544,1,locked,295.0,207.0,21.0,31.0,305.5,222.5,120.8
317,10.577,1,locked,296.0,208.0,20.0,33.0,306.0,224.5,61.8
318,10.611,1,locked,296.0,210.0,20.0,33.0,306.0,226.5,59.9
319,10.644,1,locked,298.0,210.0,17.0,34.0,306.5,227.0,21.2
320,10.677,1,locked,299.0,212.0,17.0,33.0,307.5,228.5,54.0
321,10.711,1,locked,302.0,214.0,17.0,33.0,310.5,230.5,108.1
322,10.744,1,locked,303.0,215.0,18.0,34.0,312.0,232.0,63.6
323,10.777,1,locked,306.0,215.0,18.0,34.0,315.0,232.0,89.9
324,10.811,1,locked,309.0,216.0,17.0,33.0,317.5,232.5,76.4
325,10.844,1,locked,311.0,216.0,18.0,32.0,320.0,232.0,76.4
326,10.878,1,locked,312.0,215.0,18.0,32.0,321.0,231.0,42.4
327,10.911,1,locked,313.0,213.0,17.0,33.0,321.5,229.5,47.4
328,10.944,1,locked,314.0,211.0,18.0,33.0,323.0,227.5,74.9
329,10.978,1,locked,314.0,209.0,19.0,31.0,323.5,224.5,91.2
330,11.011,1,locked,316.0,205.0,20.0,32.0,326.0,221.0,128.9
331,11.044,1,locked,319.0,202.0,19.0,31.0,328.5,217.5,128.9
332,11.078,1,locked,322.0,201.0,20.0,29.0,332.0,215.5,120.8
333,11.111,1,locked,324.0,200.0,22.0,30.0,335.0,215.0,91.2
334,11.144,1,locked,328.0,199.0,22.0,30.0,339.0,214.0,123.6
335,11.178,1,locked,330.0,200.0,23.0,29.0,341.5,214.5,76.4
336,11.211,1,locked,332.0,201.0,23.0,28.0,343.5,215.0,61.8
337,11.245,1,locked,333.0,200.0,23.0,29.0,344.5,214.5,33.5
338,11.278,1,locked,334.0,201.0,24.0,28.0,346.0,215.0,47.4
339,11.311,1,locked,335.0,201.0,23.0,28.0,346.5,215.0,15.0
340,11.345,1,locked,335.0,201.0,24.0,28.0,347.0,215.0,15.0
341,11.378,1,locked,335.0,201.0,25.0,28.0,347.5,215.0,15.0
342,11.411,1,locked,335.0,202.0,25.0,27.0,347.5,215.5,15.0
343,11.445,1,locked,335.0,202.0,26.0,27.0,348.0,215.5,15.0
344,11.478,1,locked,334.0,202.0,26.0,27.0,347.0,215.5,30.0
345,11.511,1,locked,334.0,202.0,27.0,27.0,347.5,215.5,15.0
346,11.545,1,locked,334.0,203.0,27.0,27.0,347.5,216.5,30.0
347,11.578,1,locked,334.0,203.0,27.0,30.0,347.5,218.0,45.0
348,11.612,1,locked,333.0,209.0,27.0,31.0,346.5,224.5,197.1
349,11.645,1,locked,334.0,218.0,29.0,30.0,348.5,233.0,261.7
350,11.678,1,locked,334.0,228.0,29.0,29.0,348.5,242.5,284.7
351,11.712,1,locked,336.0,237.0,30.0,29.0,351.0,251.5,279.9
352,11.745,1,locked,336.0,246.0,32.0,28.0,352.0,260.0,256.5
353,11.778,1,locked,336.0,252.0,35.0,27.0,353.5,265.5,170.9
354,11.812,1,locked,336.0,256.0,35.0,26.0,353.5,269.0,104.9
355,11.845,1,locked,337.0,260.0,35.0,28.0,354.5,274.0,152.8
356,11.879,1,locked,336.0,263.0,38.0,27.0,355.0,276.5,76.4
357,11.912,1,locked,335.0,266.0,39.0,26.0,354.5,279.0,76.4
358,11.945,1,locked,336.0,268.0,40.0,27.0,356.0,281.5,87.4
359,11.979,1,locked,336.0,271.0,41.0,26.0,356.5,284.0,76.4
360,12.012,1,locked,337.0,272.0,42.0,27.0,358.0,285.5,63.6
361,12.045,1,locked,340.0,275.0,42.0,24.0,361.0,287.0,100.5
362,12.079,1,locked,341.0,278.0,35.0,25.0,358.5,290.5,128.9
363,12.112,1,locked,345.0,282.0,35.0,24.0,362.5,294.0,159.3
364,12.145,1,locked,347.0,286.0,35.0,23.0,364.5,297.5,120.8
365,12.179,1,locked,350.0,288.0,34.0,23.0,367.0,299.5,96.0
366,12.212,1,locked,351.0,291.0,34.0,23.0,368.0,302.5,94.8
367,12.246,1,locked,352.0,293.0,33.0,24.0,368.5,305.0,76.4
368,12.279,1,locked,352.0,294.0,34.0,22.0,369.0,305.0,15.0
369,12.312,1,locked,353.0,296.0,34.0,22.0,370.0,307.0,67.0
370,12.346,1,locked,353.0,297.0,34.0,21.0,370.0,307.5,15.0
371,12.379,1,locked,353.0,297.0,33.0,21.0,369.5,307.5,15.0
372,12.412,1,locked,353.0,298.0,33.0,21.0,369.5,308.5,30.0
373,12.446,1,locked,353.0,299.0,32.0,20.0,369.0,309.0,21.2
374,12.479,1,locked,352.0,300.0,33.0,19.0,368.5,309.5,21.2
375,12.513,1,locked,353.0,301.0,33.0,19.0,369.5,310.5,42.4
376,12.546,1,locked,354.0,299.0,32.0,20.0,370.0,309.0,47.4
377,12.579,1,locked,354.0,293.0,34.0,19.0,371.0,302.5,197.1
378,12.613,1,locked,354.0,284.0,34.0,19.0,371.0,293.5,269.7
379,12.646,1,locked,355.0,278.0,35.0,18.0,372.5,287.0,199.9
380,12.679,1,locked,355.0,272.0,34.0,18.0,372.0,281.0,180.4
381,12.713,1,locked,354.0,269.0,34.0,17.0,371.0,277.5,109.1
382,12.746,1,locked,353.0,266.0,35.0,17.0,370.5,274.5,91.2
383,12.779,1,locked,352.0,264.0,35.0,17.0,369.5,272.5,67.0
384,12.813,1,locked,352.0,264.0,35.0,16.0,369.5,272.0,15.0
385,12.846,1,locked,351.0,263.0,35.0,16.0,368.5,271.0,42.4
386,12.880,1,locked,350.0,261.0,35.0,16.0,367.5,269.0,67.0
387,12.913,1,locked,349.0,260.0,36.0,16.0,367.0,268.0,33.5
388,12.946,1,locked,348.0,261.0,36.0,15.0,366.0,268.5,33.5
389,12.980,1,locked,347.0,259.0,36.0,16.0,365.0,267.0,54.0
390,13.013,1,locked,347.0,257.0,36.0,15.0,365.0,264.5,74.9
391,13.046,1,locked,344.0,253.0,38.0,15.0,363.0,260.5,134.0
392,13.080,1,locked,344.0,250.0,36.0,15.0,362.0,257.5,94.8
393,13.113,1,locked,344.0,249.0,35.0,15.0,361.5,256.5,33.5
394,13.146,1,locked,342.0,247.0,37.0,17.0,360.5,255.5,42.4
395,13.180,1,locked,340.0,243.0,38.0,16.0,359.0,251.0,142.2
396,13.213,1,locked,337.0,239.0,39.0,15.0,356.5,246.5,154.3
397,13.247,1,locked,340.0,234.0,36.0,18.0,358.0,243.0,114.1
398,13.280,1,locked,341.0,226.0,34.0,18.0,358.0,235.0,239.8
399,13.313,1,locked,340.0,220.0,35.0,17.0,357.5,228.5,195.4
400,13.347,1,locked,341.0,215.0,35.0,17.0,358.5,223.5,152.8
401,13.380,1,locked,341.0,211.0,38.0,17.0,360.0,219.5,128.0
402,13.413,1,locked,340.0,208.0,37.0,15.0,358.5,215.5,128.0
403,13.447,1,locked,340.0,206.0,36.0,15.0,358.0,213.5,61.8
404,13.480,1,locked,339.0,202.0,36.0,15.0,357.0,209.5,123.6
405,13.514,1,locked,340.0,198.0,36.0,15.0,358.0,205.5,123.6
406,13.547,1,locked,340.0,193.0,35.0,15.0,357.5,200.5,150.6
407,13.580,1,locked,340.0,189.0,35.0,15.0,357.5,196.5,119.9
408,13.614,1,locked,340.0,186.0,36.0,13.0,358.0,192.5,120.8
409,13.647,1,locked,340.0,184.0,37.0,13.0,358.5,190.5,61.8
410,13.680,1,locked,341.0,182.0,35.0,13.0,358.5,188.5,59.9
411,13.714,1,locked,344.0,182.0,35.0,14.0,361.5,189.0,91.2
412,13.747,1,locked,346.0,183.0,35.0,13.0,363.5,189.5,61.8
413,13.780,1,locked,349.0,183.0,35.0,13.0,366.5,189.5,89.9
414,13.814,1,locked,351.0,182.0,34.0,15.0,368.0,189.5,45.0
415,13.847,1,locked,353.0,182.0,35.0,13.0,370.5,188.5,80.7
416,13.881,1,locked,354.0,181.0,36.0,14.0,372.0,188.0,47.4
417,13.914,1,locked,355.0,181.0,36.0,15.0,373.0,188.5,33.5
418,13.947,1,locked,356.0,180.0,36.0,15.0,374.0,187.5,42.4
419,13.981,1,locked,357.0,181.0,35.0,14.0,374.5,188.0,21.2
420,14.014,1,locked,359.0,181.0,35.0,15.0,376.5,188.5,61.8
421,14.047,1,locked,360.0,182.0,36.0,14.0,378.0,189.0,47.4
422,14.081,1,locked,361.0,183.0,36.0,14.0,379.0,190.0,42.4
423,14.114,1,locked,363.0,183.0,35.0,14.0,380.5,190.0,45.0
424,14.147,1,locked,365.0,184.0,36.0,14.0,383.0,191.0,80.7
425,14.181,1,locked,367.0,184.0,35.0,15.0,384.5,191.5,47.4
426,14.214,1,locked,367.0,185.0,36.0,14.0,385.0,192.0,21.2
427,14.248,1,locked,369.0,184.0,35.0,15.0,386.5,191.5,47.4
428,14.281,1,locked,368.0,184.0,37.0,15.0,386.5,191.5,0.0
429,14.314,1,locked,368.0,183.0,36.0,16.0,386.0,191.0,21.2
430,14.348,1,locked,369.0,184.0,36.0,16.0,387.0,192.0,42.4
431,14.381,1,locked,369.0,183.0,36.0,17.0,387.0,191.5,15.0
432,14.414,1,locked,370.0,184.0,36.0,15.0,388.0,191.5,30.0
433,14.448,1,locked,370.0,184.0,36.0,15.0,388.0,191.5,0.0
434,14.481,1,locked,370.0,184.0,36.0,15.0,388.0,191.5,0.0
435,14.514,1,locked,371.0,184.0,36.0,14.0,389.0,191.0,33.5
436,14.548,1,locked,370.0,183.0,37.0,15.0,388.5,190.5,21.2
437,14.581,1,locked,371.0,183.0,37.0,14.0,389.5,190.0,33.5
438,14.615,1,locked,371.0,183.0,38.0,14.0,390.0,190.0,15.0
439,14.648,1,locked,372.0,183.0,37.0,14.0,390.5,190.0,15.0
440,14.681,1,locked,373.0,181.0,36.0,15.0,391.0,188.5,47.4
441,14.715,1,locked,373.0,180.0,36.0,15.0,391.0,187.5,30.0
442,14.748,1,locked,374.0,178.0,35.0,14.0,391.5,185.0,76.4
443,14.781,1,locked,375.0,176.0,36.0,16.0,393.0,184.0,54.0
444,14.815,1,locked,376.0,174.0,37.0,17.0,394.5,182.5,63.6
445,14.848,1,locked,378.0,173.0,36.0,16.0,396.0,181.0,63.6
446,14.882,1,locked,378.0,171.0,37.0,17.0,396.5,179.5,47.4
447,14.915,1,locked,378.0,170.0,37.0,17.0,396.5,178.5,30.0
448,14.948,1,locked,376.0,168.0,38.0,17.0,395.0,176.5,74.9
449,14.982,1,locked,374.0,166.0,38.0,16.0,393.0,174.0,96.0
450,15.015,1,locked,373.0,165.0,38.0,16.0,392.0,173.0,42.4
451,15.048,1,locked,371.0,163.0,38.0,16.0,390.0,171.0,84.8
452,15.082,1,locked,367.0,160.0,39.0,16.0,386.5,168.0,138.2
453,15.115,1,locked,365.0,157.0,39.0,16.0,384.5,165.0,108.1
454,15.148,1,locked,362.0,154.0,40.0,15.0,382.0,161.5,128.9
455,15.182,1,locked,360.0,150.0,39.0,16.0,379.5,158.0,128.9
456,15.215,1,locked,357.0,149.0,38.0,16.0,376.0,157.0,109.1
457,15.249,1,locked,354.0,146.0,39.0,16.0,373.5,154.0,117.0
458,15.282,1,locked,353.0,145.0,38.0,16.0,372.0,153.0,54.0
459,15.315,1,locked,353.0,144.0,38.0,17.0,372.0,152.5,15.0
460,15.349,1,locked,352.0,143.0,37.0,16.0,370.5,151.0,63.6
461,15.382,1,locked,352.0,143.0,38.0,17.0,371.0,151.5,21.2
462,15.415,1,locked,351.0,143.0,38.0,17.0,370.0,151.5,30.0
463,15.449,1,locked,351.0,143.0,38.0,18.0,370.0,152.0,15.0
464,15.482,1,locked,351.0,143.0,38.0,18.0,370.0,152.0,0.0
465,15.515,1,locked,352.0,142.0,38.0,18.0,371.0,151.0,42.4
466,15.549,1,locked,353.0,141.0,38.0,19.0,372.0,150.5,33.5
467,15.582,1,locked,352.0,140.0,39.0,18.0,371.5,149.0,47.4
468,15.616,1,locked,353.0,139.0,39.0,18.0,372.5,148.0,42.4
469,15.649,1,locked,354.0,137.0,39.0,19.0,373.5,146.5,54.0
470,15.682,1,locked,356.0,131.0,40.0,20.0,376.0,141.0,181.1
471,15.716,1,locked,359.0,128.0,41.0,20.0,379.5,138.0,138.2
472,15.749,1,locked,362.0,123.0,43.0,20.0,383.5,133.0,191.9
473,15.782,1,locked,366.0,118.0,44.0,21.0,388.0,128.5,190.7
474,15.816,1,locked,369.0,112.0,46.0,22.0,392.0,123.0,203.8
475,15.849,1,locked,373.0,105.0,47.0,23.0,396.5,116.5,236.9
476,15.883,1,locked,378.0,98.0,50.0,25.0,403.0,110.5,265.1
477,15.916,1,locked,379.0,89.0,53.0,25.0,405.5,101.5,279.9
478,15.949,1,locked,382.0,81.0,55.0,27.0,409.5,94.5,241.6
479,15.983,1,locked,383.0,76.0,59.0,28.0,412.5,90.0,162.1
480,16.016,1,locked,381.0,78.0,60.0,27.0,411.0,91.5,63.6
481,16.049,1,locked,377.0,82.0,61.0,27.0,407.5,95.5,159.3
482,16.083,1,locked,374.0,87.0,61.0,29.0,404.5,101.5,201.0
483,16.116,1,locked,369.0,96.0,62.0,28.0,400.0,110.0,288.2
484,16.149,1,locked,365.0,103.0,62.0,28.0,396.0,117.0,241.6
485,16.183,1,locked,362.0,109.0,61.0,29.0,392.5,123.5,221.3
486,16.216,1,locked,359.0,111.0,61.0,29.0,389.5,125.5,108.1
487,16.250,1,locked,357.0,112.0,61.0,29.0,387.5,126.5,67.0
488,16.283,1,locked,356.0,113.0,62.0,29.0,387.0,127.5,33.5
489,16.316,1,locked,355.0,113.0,63.0,28.0,386.5,127.0,21.2
490,16.350,1,locked,354.0,112.0,63.0,29.0,385.5,126.5,33.5
491,16.383,1,locked,354.0,112.0,62.0,28.0,385.0,126.0,21.2
492,16.416,1,locked,353.0,112.0,62.0,28.0,384.0,126.0,30.0
493,16.450,1,locked,352.0,113.0,65.0,28.0,384.5,127.0,33.5
494,16.483,1,locked,351.0,116.0,62.0,27.0,382.0,129.5,106.0
495,16.517,1,locked,349.0,121.0,62.0,29.0,380.0,135.5,189.5
496,16.550,1,locked,348.0,128.0,61.0,28.0,378.5,142.0,199.9
497,16.583,1,locked,346.0,136.0,61.0,27.0,376.5,149.5,232.6
498,16.617,1,locked,344.0,145.0,61.0,26.0,374.5,158.0,261.7
499,16.650,1,locked,342.0,153.0,60.0,26.0,372.0,166.0,251.2
500,16.683,1,locked,340.0,162.0,61.0,25.0,370.5,174.5,258.7
501,16.717,1,locked,338.0,165.0,62.0,25.0,369.0,177.5,100.5
502,16.750,1,locked,338.0,165.0,60.0,25.0,368.0,177.5,30.0
503,16.783,1,locked,337.0,165.0,61.0,27.0,367.5,178.5,33.5
504,16.817,1,locked,337.0,168.0,60.0,25.0,367.0,180.5,61.8
505,16.850,1,locked,336.0,169.0,60.0,27.0,366.0,182.5,67.0
506,16.884,1,locked,335.0,175.0,60.0,30.0,365.0,190.0,226.8
507,16.917,1,locked,335.0,180.0,59.0,28.0,364.5,194.0,120.8
508,16.950,1,locked,334.0,184.0,60.0,24.0,364.0,196.0,61.8
509,16.984,1,locked,334.0,185.0,60.0,26.0,364.0,198.0,59.9
510,17.017,1,locked,334.0,186.0,59.0,27.0,363.5,199.5,47.4
511,17.050,1,locked,333.0,188.0,60.0,26.0,363.0,201.0,47.4
512,17.084,1,locked,333.0,188.0,59.0,27.0,362.5,201.5,21.2
513,17.117,1,locked,332.0,187.0,60.0,28.0,362.0,201.0,21.2
514,17.150,1,locked,331.0,188.0,60.0,27.0,361.0,201.5,33.5
515,17.184,1,locked,330.0,186.0,60.0,28.0,360.0,200.0,54.0
516,17.217,1,locked,329.0,185.0,61.0,27.0,359.5,198.5,47.4
517,17.251,1,locked,329.0,185.0,60.0,27.0,359.0,198.5,15.0
518,17.284,1,locked,329.0,185.0,60.0,28.0,359.0,199.0,15.0
519,17.317,1,locked,328.0,184.0,60.0,28.0,358.0,198.0,42.4
520,17.351,1,locked,326.0,184.0,61.0,28.0,356.5,198.0,45.0
521,17.384,1,locked,327.0,183.0,59.0,27.0,356.5,196.5,45.0
522,17.417,1,locked,331.0,181.0,54.0,28.0,358.0,195.0,63.6
523,17.451,1,locked,334.0,180.0,50.0,28.0,359.0,194.0,42.4
524,17.484,1,locked,343.0,179.0,41.0,29.0,363.5,193.5,135.7
525,17.518,1,locked,345.0,177.0,37.0,29.0,363.5,191.5,59.9
526,17.551,1,locked,351.0,176.0,30.0,30.0,366.0,191.0,76.4
527,17.584,1,locked,358.0,174.0,22.0,30.0,369.0,189.0,108.1
528,17.618,1,locked,363.0,171.0,17.0,34.0,371.5,188.0,80.7
529,17.651,1,uncertain,363.0,171.0,17.0,34.0,371.5,188.0,80.7
530,17.684,1,uncertain,363.0,171.0,17.0,34.0,371.5,188.0,80.7
531,17.718,1,uncertain,363.0,171.0,17.0,34.0,371.5,188.0,80.7
532,17.751,1,uncertain,363.0,171.0,17.0,34.0,371.5,188.0,80.7
533,17.784,1,uncertain,363.0,171.0,17.0,34.0,371.5,188.0,80.7
534,17.818,1,uncertain,363.0,171.0,17.0,34.0,371.5,188.0,80.7
535,17.851,1,uncertain,363.0,171.0,17.0,34.0,371.5,188.0,80.7
536,17.885,1,uncertain,363.0,171.0,17.0,34.0,371.5,188.0,80.7
537,17.918,1,uncertain,363.0,171.0,17.0,34.0,371.5,188.0,80.7
538,17.951,1,uncertain,363.0,171.0,17.0,34.0,371.5,188.0,80.7
539,17.985,1,uncertain,363.0,171.0,17.0,34.0,371.5,188.0,80.7
540,18.018,1,uncertain,363.0,171.0,17.0,34.0,371.5,188.0,80.7
